phase,model,horizon,seed,train_n,val_n,test_n,node_count,feature_set,MAE,RMSE,MAPE,sMAPE,R2,fit_time_sec,inference_time_sec,config_hash,data_hash
phase13,HA,1,42,66585,12201,12265,51,current_speed|missing_mask|coverage_ratio_24h|volatility_tti_6h|hour_of_day|day_of_week|weekend_flag,1.9087225491398945,3.7858135633876095,0.028457310928841,0.0280411306977533,0.944100780791222,0.0,0.0,1e0c21e899d847f32be86f4b23b27b54e6fddf90a19c6b84a34b9fe2058d8353,6f936421885e75b8e4de77d3eae71e9e16de7e0404eade956340f2590a69b3e8
phase13,SeasonalHA,1,42,66585,12201,12265,51,current_speed|missing_mask|coverage_ratio_24h|volatility_tti_6h|hour_of_day|day_of_week|weekend_flag,1.1484393823112802,2.689582231267182,0.0159240882469521,0.0157563056052103,0.9717865010089664,0.0,0.0,1e0c21e899d847f32be86f4b23b27b54e6fddf90a19c6b84a34b9fe2058d8353,6f936421885e75b8e4de77d3eae71e9e16de7e0404eade956340f2590a69b3e8
phase13,Persistence,1,42,66585,12201,12265,51,current_speed|missing_mask|coverage_ratio_24h|volatility_tti_6h|hour_of_day|day_of_week|weekend_flag,1.0493704965733723,3.1935336818078524,0.0149886577209016,0.0148063172357732,0.9602231582024854,0.0,0.0,1e0c21e899d847f32be86f4b23b27b54e6fddf90a19c6b84a34b9fe2058d8353,6f936421885e75b8e4de77d3eae71e9e16de7e0404eade956340f2590a69b3e8
phase13,XGBoost,1,42,66585,12201,12265,51,current_speed|missing_mask|coverage_ratio_24h|volatility_tti_6h|hour_of_day|day_of_week|weekend_flag,0.9754881618171628,2.273730045644893,0.0128875615968252,0.0127773379017418,0.9798365381675262,22.30347720000009,0.0351345999999921,1e0c21e899d847f32be86f4b23b27b54e6fddf90a19c6b84a34b9fe2058d8353,6f936421885e75b8e4de77d3eae71e9e16de7e0404eade956340f2590a69b3e8
phase13,GRU,1,42,66585,12201,12265,51,current_speed|missing_mask|coverage_ratio_24h|volatility_tti_6h|hour_of_day|day_of_week|weekend_flag,1.0824979600933586,2.4775653740748944,0.0148636877178314,0.0145591435895173,0.9760592615713148,32.319357900000114,0.3132674999999381,1e0c21e899d847f32be86f4b23b27b54e6fddf90a19c6b84a34b9fe2058d8353,6f936421885e75b8e4de77d3eae71e9e16de7e0404eade956340f2590a69b3e8
phase13,TCN,1,42,66585,12201,12265,51,current_speed|missing_mask|coverage_ratio_24h|volatility_tti_6h|hour_of_day|day_of_week|weekend_flag,1.0808280047522825,2.410745754110528,0.0146702509921706,0.0143733782581217,0.9773332049830872,1235.3298019999995,11.046299499999805,1e0c21e899d847f32be86f4b23b27b54e6fddf90a19c6b84a34b9fe2058d8353,6f936421885e75b8e4de77d3eae71e9e16de7e0404eade956340f2590a69b3e8
phase13,ST-Transformer-lite,1,42,66585,12201,12265,51,current_speed|missing_mask|coverage_ratio_24h|volatility_tti_6h|hour_of_day|day_of_week|weekend_flag,1.1339109752793437,2.493446266319621,0.0156115539212805,0.015372700231743,0.975751363495244,92.95939279999992,0.4613762000003589,1e0c21e899d847f32be86f4b23b27b54e6fddf90a19c6b84a34b9fe2058d8353,6f936421885e75b8e4de77d3eae71e9e16de7e0404eade956340f2590a69b3e8
phase13,HA,1,2024,66585,12201,12265,51,current_speed|missing_mask|coverage_ratio_24h|volatility_tti_6h|hour_of_day|day_of_week|weekend_flag,1.9087225491398945,3.7858135633876095,0.028457310928841,0.0280411306977533,0.944100780791222,0.0,0.0,1e0c21e899d847f32be86f4b23b27b54e6fddf90a19c6b84a34b9fe2058d8353,6f936421885e75b8e4de77d3eae71e9e16de7e0404eade956340f2590a69b3e8
phase13,SeasonalHA,1,2024,66585,12201,12265,51,current_speed|missing_mask|coverage_ratio_24h|volatility_tti_6h|hour_of_day|day_of_week|weekend_flag,1.1484393823112802,2.689582231267182,0.0159240882469521,0.0157563056052103,0.9717865010089664,0.0,0.0,1e0c21e899d847f32be86f4b23b27b54e6fddf90a19c6b84a34b9fe2058d8353,6f936421885e75b8e4de77d3eae71e9e16de7e0404eade956340f2590a69b3e8
phase13,Persistence,1,2024,66585,12201,12265,51,current_speed|missing_mask|coverage_ratio_24h|volatility_tti_6h|hour_of_day|day_of_week|weekend_flag,1.0493704965733723,3.1935336818078524,0.0149886577209016,0.0148063172357732,0.9602231582024854,0.0,0.0,1e0c21e899d847f32be86f4b23b27b54e6fddf90a19c6b84a34b9fe2058d8353,6f936421885e75b8e4de77d3eae71e9e16de7e0404eade956340f2590a69b3e8
phase13,XGBoost,1,2024,66585,12201,12265,51,current_speed|missing_mask|coverage_ratio_24h|volatility_tti_6h|hour_of_day|day_of_week|weekend_flag,0.9666126464271468,2.2575673804204706,0.0127640373903908,0.0126453612227854,0.980122180679092,7.5666189000003214,0.0346237999997356,1e0c21e899d847f32be86f4b23b27b54e6fddf90a19c6b84a34b9fe2058d8353,6f936421885e75b8e4de77d3eae71e9e16de7e0404eade956340f2590a69b3e8
phase13,GRU,1,2024,66585,12201,12265,51,current_speed|missing_mask|coverage_ratio_24h|volatility_tti_6h|hour_of_day|day_of_week|weekend_flag,1.0536621614713548,2.440587619557492,0.0142061868438018,0.0139513206820652,0.976768561417568,66.84413779999977,0.2981462000002466,1e0c21e899d847f32be86f4b23b27b54e6fddf90a19c6b84a34b9fe2058d8353,6f936421885e75b8e4de77d3eae71e9e16de7e0404eade956340f2590a69b3e8
phase13,TCN,1,2024,66585,12201,12265,51,current_speed|missing_mask|coverage_ratio_24h|volatility_tti_6h|hour_of_day|day_of_week|weekend_flag,1.2894024442664176,2.550351453703432,0.0179889542400799,0.0173920127754109,0.9746319338217307,742.0013296000002,11.575570900000002,1e0c21e899d847f32be86f4b23b27b54e6fddf90a19c6b84a34b9fe2058d8353,6f936421885e75b8e4de77d3eae71e9e16de7e0404eade956340f2590a69b3e8
phase13,ST-Transformer-lite,1,2024,66585,12201,12265,51,current_speed|missing_mask|coverage_ratio_24h|volatility_tti_6h|hour_of_day|day_of_week|weekend_flag,1.0536606097775385,2.445787180952758,0.0145454300107954,0.0141068101328951,0.976669468918238,146.6581245999996,0.3793314999998074,1e0c21e899d847f32be86f4b23b27b54e6fddf90a19c6b84a34b9fe2058d8353,6f936421885e75b8e4de77d3eae71e9e16de7e0404eade956340f2590a69b3e8
phase13,HA,1,2025,66585,12201,12265,51,current_speed|missing_mask|coverage_ratio_24h|volatility_tti_6h|hour_of_day|day_of_week|weekend_flag,1.9087225491398945,3.7858135633876095,0.028457310928841,0.0280411306977533,0.944100780791222,0.0,0.0,1e0c21e899d847f32be86f4b23b27b54e6fddf90a19c6b84a34b9fe2058d8353,6f936421885e75b8e4de77d3eae71e9e16de7e0404eade956340f2590a69b3e8
phase13,SeasonalHA,1,2025,66585,12201,12265,51,current_speed|missing_mask|coverage_ratio_24h|volatility_tti_6h|hour_of_day|day_of_week|weekend_flag,1.1484393823112802,2.689582231267182,0.0159240882469521,0.0157563056052103,0.9717865010089664,0.0,0.0,1e0c21e899d847f32be86f4b23b27b54e6fddf90a19c6b84a34b9fe2058d8353,6f936421885e75b8e4de77d3eae71e9e16de7e0404eade956340f2590a69b3e8
phase13,Persistence,1,2025,66585,12201,12265,51,current_speed|missing_mask|coverage_ratio_24h|volatility_tti_6h|hour_of_day|day_of_week|weekend_flag,1.0493704965733723,3.1935336818078524,0.0149886577209016,0.0148063172357732,0.9602231582024854,0.0,0.0,1e0c21e899d847f32be86f4b23b27b54e6fddf90a19c6b84a34b9fe2058d8353,6f936421885e75b8e4de77d3eae71e9e16de7e0404eade956340f2590a69b3e8
phase13,XGBoost,1,2025,66585,12201,12265,51,current_speed|missing_mask|coverage_ratio_24h|volatility_tti_6h|hour_of_day|day_of_week|weekend_flag,0.9864562109641236,2.300100721195666,0.0130235812733067,0.0129147538469252,0.9793661150636224,8.426369799999975,0.0417007999999441,1e0c21e899d847f32be86f4b23b27b54e6fddf90a19c6b84a34b9fe2058d8353,6f936421885e75b8e4de77d3eae71e9e16de7e0404eade956340f2590a69b3e8
phase13,GRU,1,2025,66585,12201,12265,51,current_speed|missing_mask|coverage_ratio_24h|volatility_tti_6h|hour_of_day|day_of_week|weekend_flag,1.0672940662817911,2.440868021947784,0.0144224303775721,0.0142277797764463,0.976763222928537,73.21726510000008,0.2515892000001258,1e0c21e899d847f32be86f4b23b27b54e6fddf90a19c6b84a34b9fe2058d8353,6f936421885e75b8e4de77d3eae71e9e16de7e0404eade956340f2590a69b3e8
phase13,TCN,1,2025,66585,12201,12265,51,current_speed|missing_mask|coverage_ratio_24h|volatility_tti_6h|hour_of_day|day_of_week|weekend_flag,1.076335222265257,2.420085505129536,0.0148704869770326,0.0145334383202998,0.9771572326213254,1020.0191497000004,11.736912200000006,1e0c21e899d847f32be86f4b23b27b54e6fddf90a19c6b84a34b9fe2058d8353,6f936421885e75b8e4de77d3eae71e9e16de7e0404eade956340f2590a69b3e8
phase13,ST-Transformer-lite,1,2025,66585,12201,12265,51,current_speed|missing_mask|coverage_ratio_24h|volatility_tti_6h|hour_of_day|day_of_week|weekend_flag,1.0086975192518268,2.4265423766830563,0.0140825173004464,0.0138919665535505,0.977035179435572,226.1147357,0.3698154000003342,1e0c21e899d847f32be86f4b23b27b54e6fddf90a19c6b84a34b9fe2058d8353,6f936421885e75b8e4de77d3eae71e9e16de7e0404eade956340f2590a69b3e8
phase13,HA,1,2026,66585,12201,12265,51,current_speed|missing_mask|coverage_ratio_24h|volatility_tti_6h|hour_of_day|day_of_week|weekend_flag,1.9087225491398945,3.7858135633876095,0.028457310928841,0.0280411306977533,0.944100780791222,0.0,0.0,1e0c21e899d847f32be86f4b23b27b54e6fddf90a19c6b84a34b9fe2058d8353,6f936421885e75b8e4de77d3eae71e9e16de7e0404eade956340f2590a69b3e8
phase13,SeasonalHA,1,2026,66585,12201,12265,51,current_speed|missing_mask|coverage_ratio_24h|volatility_tti_6h|hour_of_day|day_of_week|weekend_flag,1.1484393823112802,2.689582231267182,0.0159240882469521,0.0157563056052103,0.9717865010089664,0.0,0.0,1e0c21e899d847f32be86f4b23b27b54e6fddf90a19c6b84a34b9fe2058d8353,6f936421885e75b8e4de77d3eae71e9e16de7e0404eade956340f2590a69b3e8
phase13,Persistence,1,2026,66585,12201,12265,51,current_speed|missing_mask|coverage_ratio_24h|volatility_tti_6h|hour_of_day|day_of_week|weekend_flag,1.0493704965733723,3.1935336818078524,0.0149886577209016,0.0148063172357732,0.9602231582024854,0.0,0.0,1e0c21e899d847f32be86f4b23b27b54e6fddf90a19c6b84a34b9fe2058d8353,6f936421885e75b8e4de77d3eae71e9e16de7e0404eade956340f2590a69b3e8
phase13,XGBoost,1,2026,66585,12201,12265,51,current_speed|missing_mask|coverage_ratio_24h|volatility_tti_6h|hour_of_day|day_of_week|weekend_flag,0.97194424849649,2.274192934170031,0.0128000733196215,0.0126821833073217,0.9798283275312788,7.681074199999784,0.0352512999997998,1e0c21e899d847f32be86f4b23b27b54e6fddf90a19c6b84a34b9fe2058d8353,6f936421885e75b8e4de77d3eae71e9e16de7e0404eade956340f2590a69b3e8
phase13,GRU,1,2026,66585,12201,12265,51,current_speed|missing_mask|coverage_ratio_24h|volatility_tti_6h|hour_of_day|day_of_week|weekend_flag,0.9841886541379796,2.382109834878539,0.0134300194449563,0.0131407492657896,0.9778684994676172,56.616327400000046,0.2537646999999197,1e0c21e899d847f32be86f4b23b27b54e6fddf90a19c6b84a34b9fe2058d8353,6f936421885e75b8e4de77d3eae71e9e16de7e0404eade956340f2590a69b3e8
phase13,TCN,1,2026,66585,12201,12265,51,current_speed|missing_mask|coverage_ratio_24h|volatility_tti_6h|hour_of_day|day_of_week|weekend_flag,1.1523838764786285,2.4317375030474984,0.0154357635183987,0.0151537569257419,0.9769367407191544,784.9222476000004,12.757497600000534,1e0c21e899d847f32be86f4b23b27b54e6fddf90a19c6b84a34b9fe2058d8353,6f936421885e75b8e4de77d3eae71e9e16de7e0404eade956340f2590a69b3e8
phase13,ST-Transformer-lite,1,2026,66585,12201,12265,51,current_speed|missing_mask|coverage_ratio_24h|volatility_tti_6h|hour_of_day|day_of_week|weekend_flag,1.1148925384695658,2.4751620871113245,0.015233374726271,0.0148853707470165,0.9761056850154076,78.15793880000001,0.4467304999998305,1e0c21e899d847f32be86f4b23b27b54e6fddf90a19c6b84a34b9fe2058d8353,6f936421885e75b8e4de77d3eae71e9e16de7e0404eade956340f2590a69b3e8
phase13,HA,1,3407,66585,12201,12265,51,current_speed|missing_mask|coverage_ratio_24h|volatility_tti_6h|hour_of_day|day_of_week|weekend_flag,1.9087225491398945,3.7858135633876095,0.028457310928841,0.0280411306977533,0.944100780791222,0.0,0.0,1e0c21e899d847f32be86f4b23b27b54e6fddf90a19c6b84a34b9fe2058d8353,6f936421885e75b8e4de77d3eae71e9e16de7e0404eade956340f2590a69b3e8
phase13,SeasonalHA,1,3407,66585,12201,12265,51,current_speed|missing_mask|coverage_ratio_24h|volatility_tti_6h|hour_of_day|day_of_week|weekend_flag,1.1484393823112802,2.689582231267182,0.0159240882469521,0.0157563056052103,0.9717865010089664,0.0,0.0,1e0c21e899d847f32be86f4b23b27b54e6fddf90a19c6b84a34b9fe2058d8353,6f936421885e75b8e4de77d3eae71e9e16de7e0404eade956340f2590a69b3e8
phase13,Persistence,1,3407,66585,12201,12265,51,current_speed|missing_mask|coverage_ratio_24h|volatility_tti_6h|hour_of_day|day_of_week|weekend_flag,1.0493704965733723,3.1935336818078524,0.0149886577209016,0.0148063172357732,0.9602231582024854,0.0,0.0,1e0c21e899d847f32be86f4b23b27b54e6fddf90a19c6b84a34b9fe2058d8353,6f936421885e75b8e4de77d3eae71e9e16de7e0404eade956340f2590a69b3e8
phase13,XGBoost,1,3407,66585,12201,12265,51,current_speed|missing_mask|coverage_ratio_24h|volatility_tti_6h|hour_of_day|day_of_week|weekend_flag,0.9674360639943038,2.2658686073388195,0.0127820519880072,0.0126596186073016,0.9799757277605948,7.516275100000712,0.0317044000003079,1e0c21e899d847f32be86f4b23b27b54e6fddf90a19c6b84a34b9fe2058d8353,6f936421885e75b8e4de77d3eae71e9e16de7e0404eade956340f2590a69b3e8
phase13,GRU,1,3407,66585,12201,12265,51,current_speed|missing_mask|coverage_ratio_24h|volatility_tti_6h|hour_of_day|day_of_week|weekend_flag,1.0555837347417083,2.432666746392397,0.0143554472619597,0.014026523946,0.9769191109585624,67.21566849999999,0.2548973000002661,1e0c21e899d847f32be86f4b23b27b54e6fddf90a19c6b84a34b9fe2058d8353,6f936421885e75b8e4de77d3eae71e9e16de7e0404eade956340f2590a69b3e8
phase13,TCN,1,3407,66585,12201,12265,51,current_speed|missing_mask|coverage_ratio_24h|volatility_tti_6h|hour_of_day|day_of_week|weekend_flag,1.1110538793689029,2.4104664274849346,0.0148967464025061,0.0145897079157995,0.9773384573599097,1423.2914669000002,11.296136699999806,1e0c21e899d847f32be86f4b23b27b54e6fddf90a19c6b84a34b9fe2058d8353,6f936421885e75b8e4de77d3eae71e9e16de7e0404eade956340f2590a69b3e8
phase13,ST-Transformer-lite,1,3407,66585,12201,12265,51,current_speed|missing_mask|coverage_ratio_24h|volatility_tti_6h|hour_of_day|day_of_week|weekend_flag,1.022140058633312,2.5862653543382703,0.0144885104658718,0.0141094271670149,0.9739124400458186,147.97840820000056,0.3670924999996714,1e0c21e899d847f32be86f4b23b27b54e6fddf90a19c6b84a34b9fe2058d8353,6f936421885e75b8e4de77d3eae71e9e16de7e0404eade956340f2590a69b3e8
phase13,HA,3,42,64783,11601,11878,51,current_speed|missing_mask|coverage_ratio_24h|volatility_tti_6h|hour_of_day|day_of_week|weekend_flag,1.7670076734430764,3.221253620625528,0.0260580960996816,0.0259668497458911,0.9587883725613636,0.0,0.0,1e0c21e899d847f32be86f4b23b27b54e6fddf90a19c6b84a34b9fe2058d8353,6f936421885e75b8e4de77d3eae71e9e16de7e0404eade956340f2590a69b3e8
phase13,SeasonalHA,3,42,64783,11601,11878,51,current_speed|missing_mask|coverage_ratio_24h|volatility_tti_6h|hour_of_day|day_of_week|weekend_flag,1.015958182557622,1.943902548137346,0.0136218569528368,0.0136360725452637,0.9849921353689324,0.0,0.0,1e0c21e899d847f32be86f4b23b27b54e6fddf90a19c6b84a34b9fe2058d8353,6f936421885e75b8e4de77d3eae71e9e16de7e0404eade956340f2590a69b3e8
phase13,Persistence,3,42,64783,11601,11878,51,current_speed|missing_mask|coverage_ratio_24h|volatility_tti_6h|hour_of_day|day_of_week|weekend_flag,1.310700671402648,3.2709789138092544,0.0188987646952624,0.0188471277380216,0.9575062151567644,0.0,0.0,1e0c21e899d847f32be86f4b23b27b54e6fddf90a19c6b84a34b9fe2058d8353,6f936421885e75b8e4de77d3eae71e9e16de7e0404eade956340f2590a69b3e8
phase13,XGBoost,3,42,64783,11601,11878,51,current_speed|missing_mask|coverage_ratio_24h|volatility_tti_6h|hour_of_day|day_of_week|weekend_flag,0.8652056803063404,1.647763616801272,0.011283011035808,0.011298214034674,0.9892164999626084,8.926575800000137,0.0334745000000111,1e0c21e899d847f32be86f4b23b27b54e6fddf90a19c6b84a34b9fe2058d8353,6f936421885e75b8e4de77d3eae71e9e16de7e0404eade956340f2590a69b3e8
phase13,GRU,3,42,64783,11601,11878,51,current_speed|missing_mask|coverage_ratio_24h|volatility_tti_6h|hour_of_day|day_of_week|weekend_flag,1.0531255454201351,1.9105882193141717,0.0137948731303936,0.0137618329135097,0.9855021328175873,66.40431360000002,0.3130993999993734,1e0c21e899d847f32be86f4b23b27b54e6fddf90a19c6b84a34b9fe2058d8353,6f936421885e75b8e4de77d3eae71e9e16de7e0404eade956340f2590a69b3e8
phase13,TCN,3,42,64783,11601,11878,51,current_speed|missing_mask|coverage_ratio_24h|volatility_tti_6h|hour_of_day|day_of_week|weekend_flag,1.0222466029308324,1.8519774583210475,0.0135751951925809,0.0135130376404501,0.986377986127244,1836.9537117,10.295303400000194,1e0c21e899d847f32be86f4b23b27b54e6fddf90a19c6b84a34b9fe2058d8353,6f936421885e75b8e4de77d3eae71e9e16de7e0404eade956340f2590a69b3e8
phase13,ST-Transformer-lite,3,42,64783,11601,11878,51,current_speed|missing_mask|coverage_ratio_24h|volatility_tti_6h|hour_of_day|day_of_week|weekend_flag,0.9987882171582044,1.9089679742597876,0.013616782191138,0.0133043545334759,0.9855267117793494,92.6072024999994,0.4277827000005345,1e0c21e899d847f32be86f4b23b27b54e6fddf90a19c6b84a34b9fe2058d8353,6f936421885e75b8e4de77d3eae71e9e16de7e0404eade956340f2590a69b3e8
phase13,HA,3,2024,64783,11601,11878,51,current_speed|missing_mask|coverage_ratio_24h|volatility_tti_6h|hour_of_day|day_of_week|weekend_flag,1.7670076734430764,3.221253620625528,0.0260580960996816,0.0259668497458911,0.9587883725613636,0.0,0.0,1e0c21e899d847f32be86f4b23b27b54e6fddf90a19c6b84a34b9fe2058d8353,6f936421885e75b8e4de77d3eae71e9e16de7e0404eade956340f2590a69b3e8
phase13,SeasonalHA,3,2024,64783,11601,11878,51,current_speed|missing_mask|coverage_ratio_24h|volatility_tti_6h|hour_of_day|day_of_week|weekend_flag,1.015958182557622,1.943902548137346,0.0136218569528368,0.0136360725452637,0.9849921353689324,0.0,0.0,1e0c21e899d847f32be86f4b23b27b54e6fddf90a19c6b84a34b9fe2058d8353,6f936421885e75b8e4de77d3eae71e9e16de7e0404eade956340f2590a69b3e8
phase13,Persistence,3,2024,64783,11601,11878,51,current_speed|missing_mask|coverage_ratio_24h|volatility_tti_6h|hour_of_day|day_of_week|weekend_flag,1.310700671402648,3.2709789138092544,0.0188987646952624,0.0188471277380216,0.9575062151567644,0.0,0.0,1e0c21e899d847f32be86f4b23b27b54e6fddf90a19c6b84a34b9fe2058d8353,6f936421885e75b8e4de77d3eae71e9e16de7e0404eade956340f2590a69b3e8
phase13,XGBoost,3,2024,64783,11601,11878,51,current_speed|missing_mask|coverage_ratio_24h|volatility_tti_6h|hour_of_day|day_of_week|weekend_flag,0.8725682599192457,1.6560855864258712,0.0113781251353019,0.011396740608251,0.9891073015642144,9.254687499998909,0.0394848999985697,1e0c21e899d847f32be86f4b23b27b54e6fddf90a19c6b84a34b9fe2058d8353,6f936421885e75b8e4de77d3eae71e9e16de7e0404eade956340f2590a69b3e8
phase13,GRU,3,2024,64783,11601,11878,51,current_speed|missing_mask|coverage_ratio_24h|volatility_tti_6h|hour_of_day|day_of_week|weekend_flag,1.0074605787617326,1.7862341298931863,0.0132061817633882,0.0131856629519288,0.9873279554175856,57.19057160000011,0.2729273999993893,1e0c21e899d847f32be86f4b23b27b54e6fddf90a19c6b84a34b9fe2058d8353,6f936421885e75b8e4de77d3eae71e9e16de7e0404eade956340f2590a69b3e8
phase13,TCN,3,2024,64783,11601,11878,51,current_speed|missing_mask|coverage_ratio_24h|volatility_tti_6h|hour_of_day|day_of_week|weekend_flag,0.9782033187408884,1.7975557706969278,0.0132378748845749,0.0130634855822006,0.9871668085607476,825.6554674999988,10.90057159999924,1e0c21e899d847f32be86f4b23b27b54e6fddf90a19c6b84a34b9fe2058d8353,6f936421885e75b8e4de77d3eae71e9e16de7e0404eade956340f2590a69b3e8
phase13,ST-Transformer-lite,3,2024,64783,11601,11878,51,current_speed|missing_mask|coverage_ratio_24h|volatility_tti_6h|hour_of_day|day_of_week|weekend_flag,1.0312760931651868,1.8740137401174344,0.0138499562437242,0.013791590736018,0.9860518866761668,125.1306167999992,0.4091243000002578,1e0c21e899d847f32be86f4b23b27b54e6fddf90a19c6b84a34b9fe2058d8353,6f936421885e75b8e4de77d3eae71e9e16de7e0404eade956340f2590a69b3e8
phase13,HA,3,2025,64783,11601,11878,51,current_speed|missing_mask|coverage_ratio_24h|volatility_tti_6h|hour_of_day|day_of_week|weekend_flag,1.7670076734430764,3.221253620625528,0.0260580960996816,0.0259668497458911,0.9587883725613636,0.0,0.0,1e0c21e899d847f32be86f4b23b27b54e6fddf90a19c6b84a34b9fe2058d8353,6f936421885e75b8e4de77d3eae71e9e16de7e0404eade956340f2590a69b3e8
phase13,SeasonalHA,3,2025,64783,11601,11878,51,current_speed|missing_mask|coverage_ratio_24h|volatility_tti_6h|hour_of_day|day_of_week|weekend_flag,1.015958182557622,1.943902548137346,0.0136218569528368,0.0136360725452637,0.9849921353689324,0.0,0.0,1e0c21e899d847f32be86f4b23b27b54e6fddf90a19c6b84a34b9fe2058d8353,6f936421885e75b8e4de77d3eae71e9e16de7e0404eade956340f2590a69b3e8
phase13,Persistence,3,2025,64783,11601,11878,51,current_speed|missing_mask|coverage_ratio_24h|volatility_tti_6h|hour_of_day|day_of_week|weekend_flag,1.310700671402648,3.2709789138092544,0.0188987646952624,0.0188471277380216,0.9575062151567644,0.0,0.0,1e0c21e899d847f32be86f4b23b27b54e6fddf90a19c6b84a34b9fe2058d8353,6f936421885e75b8e4de77d3eae71e9e16de7e0404eade956340f2590a69b3e8
phase13,XGBoost,3,2025,64783,11601,11878,51,current_speed|missing_mask|coverage_ratio_24h|volatility_tti_6h|hour_of_day|day_of_week|weekend_flag,0.8654067557675807,1.651715349857346,0.0113013196253047,0.0113202699589739,0.9891647150926854,10.039892700000564,0.0383203999990655,1e0c21e899d847f32be86f4b23b27b54e6fddf90a19c6b84a34b9fe2058d8353,6f936421885e75b8e4de77d3eae71e9e16de7e0404eade956340f2590a69b3e8
phase13,GRU,3,2025,64783,11601,11878,51,current_speed|missing_mask|coverage_ratio_24h|volatility_tti_6h|hour_of_day|day_of_week|weekend_flag,1.0060004685378312,1.824149725606107,0.0132044536897886,0.0131312850658988,0.9867842781331544,60.08410069999991,0.2873137000005954,1e0c21e899d847f32be86f4b23b27b54e6fddf90a19c6b84a34b9fe2058d8353,6f936421885e75b8e4de77d3eae71e9e16de7e0404eade956340f2590a69b3e8
phase13,TCN,3,2025,64783,11601,11878,51,current_speed|missing_mask|coverage_ratio_24h|volatility_tti_6h|hour_of_day|day_of_week|weekend_flag,0.9752991474483688,1.814527271239447,0.0131893965373803,0.0129831399807669,0.9869233371937106,1389.0590298999996,11.031302100000175,1e0c21e899d847f32be86f4b23b27b54e6fddf90a19c6b84a34b9fe2058d8353,6f936421885e75b8e4de77d3eae71e9e16de7e0404eade956340f2590a69b3e8
phase13,ST-Transformer-lite,3,2025,64783,11601,11878,51,current_speed|missing_mask|coverage_ratio_24h|volatility_tti_6h|hour_of_day|day_of_week|weekend_flag,1.0004095508506712,1.835210759805292,0.0135151934324444,0.0134825850778374,0.986623520777059,76.88353169999937,0.5226801999997406,1e0c21e899d847f32be86f4b23b27b54e6fddf90a19c6b84a34b9fe2058d8353,6f936421885e75b8e4de77d3eae71e9e16de7e0404eade956340f2590a69b3e8
phase13,HA,3,2026,64783,11601,11878,51,current_speed|missing_mask|coverage_ratio_24h|volatility_tti_6h|hour_of_day|day_of_week|weekend_flag,1.7670076734430764,3.221253620625528,0.0260580960996816,0.0259668497458911,0.9587883725613636,0.0,0.0,1e0c21e899d847f32be86f4b23b27b54e6fddf90a19c6b84a34b9fe2058d8353,6f936421885e75b8e4de77d3eae71e9e16de7e0404eade956340f2590a69b3e8
phase13,SeasonalHA,3,2026,64783,11601,11878,51,current_speed|missing_mask|coverage_ratio_24h|volatility_tti_6h|hour_of_day|day_of_week|weekend_flag,1.015958182557622,1.943902548137346,0.0136218569528368,0.0136360725452637,0.9849921353689324,0.0,0.0,1e0c21e899d847f32be86f4b23b27b54e6fddf90a19c6b84a34b9fe2058d8353,6f936421885e75b8e4de77d3eae71e9e16de7e0404eade956340f2590a69b3e8
phase13,Persistence,3,2026,64783,11601,11878,51,current_speed|missing_mask|coverage_ratio_24h|volatility_tti_6h|hour_of_day|day_of_week|weekend_flag,1.310700671402648,3.2709789138092544,0.0188987646952624,0.0188471277380216,0.9575062151567644,0.0,0.0,1e0c21e899d847f32be86f4b23b27b54e6fddf90a19c6b84a34b9fe2058d8353,6f936421885e75b8e4de77d3eae71e9e16de7e0404eade956340f2590a69b3e8
phase13,XGBoost,3,2026,64783,11601,11878,51,current_speed|missing_mask|coverage_ratio_24h|volatility_tti_6h|hour_of_day|day_of_week|weekend_flag,0.8774718724430801,1.66227703484509,0.0114210541838831,0.0114373518670661,0.9890257023404172,9.696101399998952,0.034570399999211,1e0c21e899d847f32be86f4b23b27b54e6fddf90a19c6b84a34b9fe2058d8353,6f936421885e75b8e4de77d3eae71e9e16de7e0404eade956340f2590a69b3e8
phase13,GRU,3,2026,64783,11601,11878,51,current_speed|missing_mask|coverage_ratio_24h|volatility_tti_6h|hour_of_day|day_of_week|weekend_flag,1.0681743873934049,1.9146789766254164,0.0142135300884076,0.0140445480055139,0.9854399836355622,30.851565799999666,0.239313600000969,1e0c21e899d847f32be86f4b23b27b54e6fddf90a19c6b84a34b9fe2058d8353,6f936421885e75b8e4de77d3eae71e9e16de7e0404eade956340f2590a69b3e8
phase13,TCN,3,2026,64783,11601,11878,51,current_speed|missing_mask|coverage_ratio_24h|volatility_tti_6h|hour_of_day|day_of_week|weekend_flag,1.0721781453333192,1.8397670000835091,0.014429172808264,0.0144622725282368,0.986557019304846,1100.7648131999997,15.560993499999311,1e0c21e899d847f32be86f4b23b27b54e6fddf90a19c6b84a34b9fe2058d8353,6f936421885e75b8e4de77d3eae71e9e16de7e0404eade956340f2590a69b3e8
phase13,ST-Transformer-lite,3,2026,64783,11601,11878,51,current_speed|missing_mask|coverage_ratio_24h|volatility_tti_6h|hour_of_day|day_of_week|weekend_flag,0.9530041913509288,1.825860432244613,0.0128621871228514,0.0126872983394265,0.9867594788264678,122.00271800000156,0.3731752000003325,1e0c21e899d847f32be86f4b23b27b54e6fddf90a19c6b84a34b9fe2058d8353,6f936421885e75b8e4de77d3eae71e9e16de7e0404eade956340f2590a69b3e8
phase13,HA,3,3407,64783,11601,11878,51,current_speed|missing_mask|coverage_ratio_24h|volatility_tti_6h|hour_of_day|day_of_week|weekend_flag,1.7670076734430764,3.221253620625528,0.0260580960996816,0.0259668497458911,0.9587883725613636,0.0,0.0,1e0c21e899d847f32be86f4b23b27b54e6fddf90a19c6b84a34b9fe2058d8353,6f936421885e75b8e4de77d3eae71e9e16de7e0404eade956340f2590a69b3e8
phase13,SeasonalHA,3,3407,64783,11601,11878,51,current_speed|missing_mask|coverage_ratio_24h|volatility_tti_6h|hour_of_day|day_of_week|weekend_flag,1.015958182557622,1.943902548137346,0.0136218569528368,0.0136360725452637,0.9849921353689324,0.0,0.0,1e0c21e899d847f32be86f4b23b27b54e6fddf90a19c6b84a34b9fe2058d8353,6f936421885e75b8e4de77d3eae71e9e16de7e0404eade956340f2590a69b3e8
phase13,Persistence,3,3407,64783,11601,11878,51,current_speed|missing_mask|coverage_ratio_24h|volatility_tti_6h|hour_of_day|day_of_week|weekend_flag,1.310700671402648,3.2709789138092544,0.0188987646952624,0.0188471277380216,0.9575062151567644,0.0,0.0,1e0c21e899d847f32be86f4b23b27b54e6fddf90a19c6b84a34b9fe2058d8353,6f936421885e75b8e4de77d3eae71e9e16de7e0404eade956340f2590a69b3e8
phase13,XGBoost,3,3407,64783,11601,11878,51,current_speed|missing_mask|coverage_ratio_24h|volatility_tti_6h|hour_of_day|day_of_week|weekend_flag,0.8638691671730834,1.6527685195222583,0.0113002957409242,0.0113090294216328,0.9891508930603934,7.811549000000014,0.0325066000004881,1e0c21e899d847f32be86f4b23b27b54e6fddf90a19c6b84a34b9fe2058d8353,6f936421885e75b8e4de77d3eae71e9e16de7e0404eade956340f2590a69b3e8
phase13,GRU,3,3407,64783,11601,11878,51,current_speed|missing_mask|coverage_ratio_24h|volatility_tti_6h|hour_of_day|day_of_week|weekend_flag,1.0338017365249603,1.803775393596504,0.0134062549188699,0.013371831028076,0.987077848096882,48.87252919999992,0.2643573000004835,1e0c21e899d847f32be86f4b23b27b54e6fddf90a19c6b84a34b9fe2058d8353,6f936421885e75b8e4de77d3eae71e9e16de7e0404eade956340f2590a69b3e8
phase13,TCN,3,3407,64783,11601,11878,51,current_speed|missing_mask|coverage_ratio_24h|volatility_tti_6h|hour_of_day|day_of_week|weekend_flag,1.0087301718664805,1.801372838019881,0.0134150653244744,0.0133146419255771,0.9871122487346732,1706.2673520999997,13.514963699999498,1e0c21e899d847f32be86f4b23b27b54e6fddf90a19c6b84a34b9fe2058d8353,6f936421885e75b8e4de77d3eae71e9e16de7e0404eade956340f2590a69b3e8
phase13,ST-Transformer-lite,3,3407,64783,11601,11878,51,current_speed|missing_mask|coverage_ratio_24h|volatility_tti_6h|hour_of_day|day_of_week|weekend_flag,0.9400040219781134,1.7767922236294489,0.0127311104997917,0.0126934074972174,0.9874615683959084,138.15933920000134,0.5571538000003784,1e0c21e899d847f32be86f4b23b27b54e6fddf90a19c6b84a34b9fe2058d8353,6f936421885e75b8e4de77d3eae71e9e16de7e0404eade956340f2590a69b3e8
phase13,HA,6,42,66714,11700,12166,51,current_speed|missing_mask|coverage_ratio_24h|volatility_tti_6h|hour_of_day|day_of_week|weekend_flag,1.555868891613001,2.78390590069934,0.0229094680005804,0.0229004967444535,0.9692162484630672,0.0,0.0,1e0c21e899d847f32be86f4b23b27b54e6fddf90a19c6b84a34b9fe2058d8353,6f936421885e75b8e4de77d3eae71e9e16de7e0404eade956340f2590a69b3e8
phase13,SeasonalHA,6,42,66714,11700,12166,51,current_speed|missing_mask|coverage_ratio_24h|volatility_tti_6h|hour_of_day|day_of_week|weekend_flag,0.9103676185940276,1.5415282255127518,0.0120205570016259,0.0120656341481472,0.9905612299841332,0.0,0.0,1e0c21e899d847f32be86f4b23b27b54e6fddf90a19c6b84a34b9fe2058d8353,6f936421885e75b8e4de77d3eae71e9e16de7e0404eade956340f2590a69b3e8
phase13,Persistence,6,42,66714,11700,12166,51,current_speed|missing_mask|coverage_ratio_24h|volatility_tti_6h|hour_of_day|day_of_week|weekend_flag,1.6025600083736964,3.6998692720239874,0.0235149471749476,0.0235836971085944,0.9456267614812416,0.0,0.0,1e0c21e899d847f32be86f4b23b27b54e6fddf90a19c6b84a34b9fe2058d8353,6f936421885e75b8e4de77d3eae71e9e16de7e0404eade956340f2590a69b3e8
phase13,XGBoost,6,42,66714,11700,12166,51,current_speed|missing_mask|coverage_ratio_24h|volatility_tti_6h|hour_of_day|day_of_week|weekend_flag,0.7833349846233648,1.3482397623353466,0.0102913761621299,0.0103258662626091,0.9927798419491728,9.687655499999892,0.0340708999992784,1e0c21e899d847f32be86f4b23b27b54e6fddf90a19c6b84a34b9fe2058d8353,6f936421885e75b8e4de77d3eae71e9e16de7e0404eade956340f2590a69b3e8
phase13,GRU,6,42,66714,11700,12166,51,current_speed|missing_mask|coverage_ratio_24h|volatility_tti_6h|hour_of_day|day_of_week|weekend_flag,1.036771294240906,1.6349907896546962,0.0133997211568748,0.0134837256160795,0.989381991637542,47.531883699999526,0.3515342000009696,1e0c21e899d847f32be86f4b23b27b54e6fddf90a19c6b84a34b9fe2058d8353,6f936421885e75b8e4de77d3eae71e9e16de7e0404eade956340f2590a69b3e8
phase13,TCN,6,42,66714,11700,12166,51,current_speed|missing_mask|coverage_ratio_24h|volatility_tti_6h|hour_of_day|day_of_week|weekend_flag,0.9193061027169404,1.5223382176872675,0.0123208183597918,0.0123827233904492,0.9907947679127832,1992.9524039000007,15.205945699999576,1e0c21e899d847f32be86f4b23b27b54e6fddf90a19c6b84a34b9fe2058d8353,6f936421885e75b8e4de77d3eae71e9e16de7e0404eade956340f2590a69b3e8
phase13,ST-Transformer-lite,6,42,66714,11700,12166,51,current_speed|missing_mask|coverage_ratio_24h|volatility_tti_6h|hour_of_day|day_of_week|weekend_flag,0.8868063855049702,1.5564880749260253,0.0120586264183184,0.0121077558261359,0.990377142881465,144.89119469999787,0.4387768999986292,1e0c21e899d847f32be86f4b23b27b54e6fddf90a19c6b84a34b9fe2058d8353,6f936421885e75b8e4de77d3eae71e9e16de7e0404eade956340f2590a69b3e8
phase13,HA,6,2024,66714,11700,12166,51,current_speed|missing_mask|coverage_ratio_24h|volatility_tti_6h|hour_of_day|day_of_week|weekend_flag,1.555868891613001,2.78390590069934,0.0229094680005804,0.0229004967444535,0.9692162484630672,0.0,0.0,1e0c21e899d847f32be86f4b23b27b54e6fddf90a19c6b84a34b9fe2058d8353,6f936421885e75b8e4de77d3eae71e9e16de7e0404eade956340f2590a69b3e8
phase13,SeasonalHA,6,2024,66714,11700,12166,51,current_speed|missing_mask|coverage_ratio_24h|volatility_tti_6h|hour_of_day|day_of_week|weekend_flag,0.9103676185940276,1.5415282255127518,0.0120205570016259,0.0120656341481472,0.9905612299841332,0.0,0.0,1e0c21e899d847f32be86f4b23b27b54e6fddf90a19c6b84a34b9fe2058d8353,6f936421885e75b8e4de77d3eae71e9e16de7e0404eade956340f2590a69b3e8
phase13,Persistence,6,2024,66714,11700,12166,51,current_speed|missing_mask|coverage_ratio_24h|volatility_tti_6h|hour_of_day|day_of_week|weekend_flag,1.6025600083736964,3.6998692720239874,0.0235149471749476,0.0235836971085944,0.9456267614812416,0.0,0.0,1e0c21e899d847f32be86f4b23b27b54e6fddf90a19c6b84a34b9fe2058d8353,6f936421885e75b8e4de77d3eae71e9e16de7e0404eade956340f2590a69b3e8
phase13,XGBoost,6,2024,66714,11700,12166,51,current_speed|missing_mask|coverage_ratio_24h|volatility_tti_6h|hour_of_day|day_of_week|weekend_flag,0.7843854444191171,1.3487850646684223,0.0102995226119006,0.0103372674417326,0.9927740003098082,8.489706700001989,0.0330977999983588,1e0c21e899d847f32be86f4b23b27b54e6fddf90a19c6b84a34b9fe2058d8353,6f936421885e75b8e4de77d3eae71e9e16de7e0404eade956340f2590a69b3e8
phase13,GRU,6,2024,66714,11700,12166,51,current_speed|missing_mask|coverage_ratio_24h|volatility_tti_6h|hour_of_day|day_of_week|weekend_flag,0.9505013424021896,1.537150595246842,0.0125028864705438,0.0124914607990621,0.9906147622842916,36.71024789999865,0.4590650999998615,1e0c21e899d847f32be86f4b23b27b54e6fddf90a19c6b84a34b9fe2058d8353,6f936421885e75b8e4de77d3eae71e9e16de7e0404eade956340f2590a69b3e8
phase13,TCN,6,2024,66714,11700,12166,51,current_speed|missing_mask|coverage_ratio_24h|volatility_tti_6h|hour_of_day|day_of_week|weekend_flag,0.9421427672030442,1.519236551604223,0.0123676925168025,0.0123315705308573,0.9908322398356996,1446.9345141000013,16.84258950000003,1e0c21e899d847f32be86f4b23b27b54e6fddf90a19c6b84a34b9fe2058d8353,6f936421885e75b8e4de77d3eae71e9e16de7e0404eade956340f2590a69b3e8
phase13,ST-Transformer-lite,6,2024,66714,11700,12166,51,current_speed|missing_mask|coverage_ratio_24h|volatility_tti_6h|hour_of_day|day_of_week|weekend_flag,0.8900082970888388,1.5310866590641574,0.0119473834320619,0.0120055640926996,0.9906886642521522,153.77078309999706,0.3682023999972443,1e0c21e899d847f32be86f4b23b27b54e6fddf90a19c6b84a34b9fe2058d8353,6f936421885e75b8e4de77d3eae71e9e16de7e0404eade956340f2590a69b3e8
phase13,HA,6,2025,66714,11700,12166,51,current_speed|missing_mask|coverage_ratio_24h|volatility_tti_6h|hour_of_day|day_of_week|weekend_flag,1.555868891613001,2.78390590069934,0.0229094680005804,0.0229004967444535,0.9692162484630672,0.0,0.0,1e0c21e899d847f32be86f4b23b27b54e6fddf90a19c6b84a34b9fe2058d8353,6f936421885e75b8e4de77d3eae71e9e16de7e0404eade956340f2590a69b3e8
phase13,SeasonalHA,6,2025,66714,11700,12166,51,current_speed|missing_mask|coverage_ratio_24h|volatility_tti_6h|hour_of_day|day_of_week|weekend_flag,0.9103676185940276,1.5415282255127518,0.0120205570016259,0.0120656341481472,0.9905612299841332,0.0,0.0,1e0c21e899d847f32be86f4b23b27b54e6fddf90a19c6b84a34b9fe2058d8353,6f936421885e75b8e4de77d3eae71e9e16de7e0404eade956340f2590a69b3e8
phase13,Persistence,6,2025,66714,11700,12166,51,current_speed|missing_mask|coverage_ratio_24h|volatility_tti_6h|hour_of_day|day_of_week|weekend_flag,1.6025600083736964,3.6998692720239874,0.0235149471749476,0.0235836971085944,0.9456267614812416,0.0,0.0,1e0c21e899d847f32be86f4b23b27b54e6fddf90a19c6b84a34b9fe2058d8353,6f936421885e75b8e4de77d3eae71e9e16de7e0404eade956340f2590a69b3e8
phase13,XGBoost,6,2025,66714,11700,12166,51,current_speed|missing_mask|coverage_ratio_24h|volatility_tti_6h|hour_of_day|day_of_week|weekend_flag,0.7888537169717829,1.3528689250057413,0.0103499918421272,0.0103872804137808,0.992730176205356,7.92168209999727,0.0331757999992987,1e0c21e899d847f32be86f4b23b27b54e6fddf90a19c6b84a34b9fe2058d8353,6f936421885e75b8e4de77d3eae71e9e16de7e0404eade956340f2590a69b3e8
phase13,GRU,6,2025,66714,11700,12166,51,current_speed|missing_mask|coverage_ratio_24h|volatility_tti_6h|hour_of_day|day_of_week|weekend_flag,0.902780271019372,1.4639736841659376,0.0118750866073135,0.0119127833072641,0.9914870715701428,48.20688549999977,0.3518268999978318,1e0c21e899d847f32be86f4b23b27b54e6fddf90a19c6b84a34b9fe2058d8353,6f936421885e75b8e4de77d3eae71e9e16de7e0404eade956340f2590a69b3e8
phase13,TCN,6,2025,66714,11700,12166,51,current_speed|missing_mask|coverage_ratio_24h|volatility_tti_6h|hour_of_day|day_of_week|weekend_flag,0.9584343797494644,1.5635670485159194,0.0127070695084183,0.0126709119435661,0.9902894135133944,1770.8256266999997,16.173538499999268,1e0c21e899d847f32be86f4b23b27b54e6fddf90a19c6b84a34b9fe2058d8353,6f936421885e75b8e4de77d3eae71e9e16de7e0404eade956340f2590a69b3e8
phase13,ST-Transformer-lite,6,2025,66714,11700,12166,51,current_speed|missing_mask|coverage_ratio_24h|volatility_tti_6h|hour_of_day|day_of_week|weekend_flag,0.8797634142941988,1.4890291208327708,0.0118597639458167,0.0119455461360336,0.9911931859898886,134.57378889999745,0.4513872000025003,1e0c21e899d847f32be86f4b23b27b54e6fddf90a19c6b84a34b9fe2058d8353,6f936421885e75b8e4de77d3eae71e9e16de7e0404eade956340f2590a69b3e8
phase13,HA,6,2026,66714,11700,12166,51,current_speed|missing_mask|coverage_ratio_24h|volatility_tti_6h|hour_of_day|day_of_week|weekend_flag,1.555868891613001,2.78390590069934,0.0229094680005804,0.0229004967444535,0.9692162484630672,0.0,0.0,1e0c21e899d847f32be86f4b23b27b54e6fddf90a19c6b84a34b9fe2058d8353,6f936421885e75b8e4de77d3eae71e9e16de7e0404eade956340f2590a69b3e8
phase13,SeasonalHA,6,2026,66714,11700,12166,51,current_speed|missing_mask|coverage_ratio_24h|volatility_tti_6h|hour_of_day|day_of_week|weekend_flag,0.9103676185940276,1.5415282255127518,0.0120205570016259,0.0120656341481472,0.9905612299841332,0.0,0.0,1e0c21e899d847f32be86f4b23b27b54e6fddf90a19c6b84a34b9fe2058d8353,6f936421885e75b8e4de77d3eae71e9e16de7e0404eade956340f2590a69b3e8
phase13,Persistence,6,2026,66714,11700,12166,51,current_speed|missing_mask|coverage_ratio_24h|volatility_tti_6h|hour_of_day|day_of_week|weekend_flag,1.6025600083736964,3.6998692720239874,0.0235149471749476,0.0235836971085944,0.9456267614812416,0.0,0.0,1e0c21e899d847f32be86f4b23b27b54e6fddf90a19c6b84a34b9fe2058d8353,6f936421885e75b8e4de77d3eae71e9e16de7e0404eade956340f2590a69b3e8
phase13,XGBoost,6,2026,66714,11700,12166,51,current_speed|missing_mask|coverage_ratio_24h|volatility_tti_6h|hour_of_day|day_of_week|weekend_flag,0.7870403119221577,1.3547759569338145,0.0103271639638761,0.0103635027519339,0.992709666372998,8.665414400002192,0.0346682999988843,1e0c21e899d847f32be86f4b23b27b54e6fddf90a19c6b84a34b9fe2058d8353,6f936421885e75b8e4de77d3eae71e9e16de7e0404eade956340f2590a69b3e8
phase13,GRU,6,2026,66714,11700,12166,51,current_speed|missing_mask|coverage_ratio_24h|volatility_tti_6h|hour_of_day|day_of_week|weekend_flag,0.9282782982784372,1.558650568054961,0.0122640510966011,0.0122369623807864,0.9903503854415744,46.821275199999945,0.2892692000023089,1e0c21e899d847f32be86f4b23b27b54e6fddf90a19c6b84a34b9fe2058d8353,6f936421885e75b8e4de77d3eae71e9e16de7e0404eade956340f2590a69b3e8
phase13,TCN,6,2026,66714,11700,12166,51,current_speed|missing_mask|coverage_ratio_24h|volatility_tti_6h|hour_of_day|day_of_week|weekend_flag,0.9204931759273812,1.4977414957878707,0.0121434720160132,0.0120677060818186,0.9910898263779504,1276.7896674000003,11.53902300000118,1e0c21e899d847f32be86f4b23b27b54e6fddf90a19c6b84a34b9fe2058d8353,6f936421885e75b8e4de77d3eae71e9e16de7e0404eade956340f2590a69b3e8
phase13,ST-Transformer-lite,6,2026,66714,11700,12166,51,current_speed|missing_mask|coverage_ratio_24h|volatility_tti_6h|hour_of_day|day_of_week|weekend_flag,0.918715313784919,1.6326448907126054,0.0123827175215656,0.0123262733400562,0.98941243939918,111.7310163000002,0.3485203999989608,1e0c21e899d847f32be86f4b23b27b54e6fddf90a19c6b84a34b9fe2058d8353,6f936421885e75b8e4de77d3eae71e9e16de7e0404eade956340f2590a69b3e8
phase13,HA,6,3407,66714,11700,12166,51,current_speed|missing_mask|coverage_ratio_24h|volatility_tti_6h|hour_of_day|day_of_week|weekend_flag,1.555868891613001,2.78390590069934,0.0229094680005804,0.0229004967444535,0.9692162484630672,0.0,0.0,1e0c21e899d847f32be86f4b23b27b54e6fddf90a19c6b84a34b9fe2058d8353,6f936421885e75b8e4de77d3eae71e9e16de7e0404eade956340f2590a69b3e8
phase13,SeasonalHA,6,3407,66714,11700,12166,51,current_speed|missing_mask|coverage_ratio_24h|volatility_tti_6h|hour_of_day|day_of_week|weekend_flag,0.9103676185940276,1.5415282255127518,0.0120205570016259,0.0120656341481472,0.9905612299841332,0.0,0.0,1e0c21e899d847f32be86f4b23b27b54e6fddf90a19c6b84a34b9fe2058d8353,6f936421885e75b8e4de77d3eae71e9e16de7e0404eade956340f2590a69b3e8
phase13,Persistence,6,3407,66714,11700,12166,51,current_speed|missing_mask|coverage_ratio_24h|volatility_tti_6h|hour_of_day|day_of_week|weekend_flag,1.6025600083736964,3.6998692720239874,0.0235149471749476,0.0235836971085944,0.9456267614812416,0.0,0.0,1e0c21e899d847f32be86f4b23b27b54e6fddf90a19c6b84a34b9fe2058d8353,6f936421885e75b8e4de77d3eae71e9e16de7e0404eade956340f2590a69b3e8
phase13,XGBoost,6,3407,66714,11700,12166,51,current_speed|missing_mask|coverage_ratio_24h|volatility_tti_6h|hour_of_day|day_of_week|weekend_flag,0.7897973072366183,1.348066913123569,0.0103274095083763,0.0103641851452908,0.9927816931312308,7.831611400000838,0.0329408000034163,1e0c21e899d847f32be86f4b23b27b54e6fddf90a19c6b84a34b9fe2058d8353,6f936421885e75b8e4de77d3eae71e9e16de7e0404eade956340f2590a69b3e8
phase13,GRU,6,3407,66714,11700,12166,51,current_speed|missing_mask|coverage_ratio_24h|volatility_tti_6h|hour_of_day|day_of_week|weekend_flag,0.9442457480981674,1.4859898647246328,0.0122174236491357,0.0122509027363955,0.9912291004615432,37.70023140000194,0.2625852999990457,1e0c21e899d847f32be86f4b23b27b54e6fddf90a19c6b84a34b9fe2058d8353,6f936421885e75b8e4de77d3eae71e9e16de7e0404eade956340f2590a69b3e8
phase13,TCN,6,3407,66714,11700,12166,51,current_speed|missing_mask|coverage_ratio_24h|volatility_tti_6h|hour_of_day|day_of_week|weekend_flag,0.9484445172745244,1.5278579922060087,0.0128826147565423,0.0127262031446237,0.9907278932574966,1011.5509721999988,10.618384000001242,1e0c21e899d847f32be86f4b23b27b54e6fddf90a19c6b84a34b9fe2058d8353,6f936421885e75b8e4de77d3eae71e9e16de7e0404eade956340f2590a69b3e8
phase13,ST-Transformer-lite,6,3407,66714,11700,12166,51,current_speed|missing_mask|coverage_ratio_24h|volatility_tti_6h|hour_of_day|day_of_week|weekend_flag,0.9311357774409968,1.770834587062946,0.0127566629141014,0.0125887684432007,0.9875442915647016,112.31149749999896,0.4111239000012574,1e0c21e899d847f32be86f4b23b27b54e6fddf90a19c6b84a34b9fe2058d8353,6f936421885e75b8e4de77d3eae71e9e16de7e0404eade956340f2590a69b3e8
